{
    "counter": {
        "ACTIVE": 513,
        "INACTIVE": 6,
        "INVALID": 267,
        "MALICIOUS": 0,
        "SANE": 0,
        "VALID": 0,
        "total": 786
    },
    "percentage": {
        "ACTIVE": 65.26717557251908,
        "INACTIVE": 0.7772020725388601,
        "INVALID": 35.17786561264822,
        "MALICIOUS": 0,
        "SANE": 0,
        "VALID": 0,
        "total": 101.22224325770615
    }
}