{
    "counter": {
        "ACTIVE": 389,
        "INACTIVE": 5,
        "INVALID": 261,
        "MALICIOUS": 0,
        "SANE": 0,
        "VALID": 0,
        "total": 655
    },
    "percentage": {
        "ACTIVE": 59.38931297709924,
        "INACTIVE": 1.0438413361169103,
        "INVALID": 39.908256880733944,
        "MALICIOUS": 0,
        "SANE": 0,
        "VALID": 0,
        "total": 100.3414111939501
    }
}