{
    "counter": {
        "CSC Corporate Domains, Inc.": 2,
        "Key-Systems GmbH": 6,
        "Net-Chinese Co., Ltd.": 4,
        "NetArt Registrar Sp. z o.o.": 2,
        "OVH": 2,
        "OVH sas": 4,
        "PDR Ltd. d/b/a PublicDomainRegistry.com": 2,
        "total": 22
    },
    "percentage": {
        "CSC Corporate Domains, Inc.": 9.090909090909092,
        "Key-Systems GmbH": 27.272727272727273,
        "Net-Chinese Co., Ltd.": 18.181818181818183,
        "NetArt Registrar Sp. z o.o.": 9.090909090909092,
        "OVH": 9.090909090909092,
        "OVH sas": 18.181818181818183,
        "PDR Ltd. d/b/a PublicDomainRegistry.com": 9.090909090909092,
        "total": 100.00000000000001
    }
}