{
    "counter": {
        "Alibaba Cloud Computing (Beijing) Co., Ltd.": 1,
        "Amazon Registrar, Inc.": 1,
        "Ascio Technologies, Inc. Danmark - Filial af Ascio technologies, Inc. USA": 2,
        "CSC Corporate Domains, Inc.": 9,
        "Corehub, S.R.L.": 2,
        "EPAG DOMAINSERVICES GmbH": 1,
        "EuroDNS S.A.": 2,
        "Gandi SAS": 3,
        "GoDaddy.com, LLC": 3,
        "Hetzner Online GmbH": 1,
        "Key-Systems GmbH": 13,
        "MarkMonitor Inc.": 7,
        "NAMESHIELD SAS": 2,
        "NetArt Registrar Sp. z o.o.": 4,
        "Network Solutions, LLC": 1,
        "Nom-iq Ltd. dba COM LAUDE": 1,
        "OVH sas": 3,
        "PDR Ltd. d/b/a PublicDomainRegistry.com": 2,
        "Ports Group AB": 1,
        "Register.com, Inc.": 1,
        "SafeBrands SAS": 1,
        "SafeNames Ltd.": 2,
        "Tucows Domains Inc.": 3,
        "Xin Net Technology Corporation": 1,
        "eNom, LLC": 3,
        "total": 70
    },
    "percentage": {
        "Alibaba Cloud Computing (Beijing) Co., Ltd.": 1.4285714285714286,
        "Amazon Registrar, Inc.": 1.4285714285714286,
        "Ascio Technologies, Inc. Danmark - Filial af Ascio technologies, Inc. USA": 2.857142857142857,
        "CSC Corporate Domains, Inc.": 12.857142857142858,
        "Corehub, S.R.L.": 2.857142857142857,
        "EPAG DOMAINSERVICES GmbH": 1.4285714285714286,
        "EuroDNS S.A.": 2.857142857142857,
        "Gandi SAS": 4.285714285714286,
        "GoDaddy.com, LLC": 4.285714285714286,
        "Hetzner Online GmbH": 1.4285714285714286,
        "Key-Systems GmbH": 18.571428571428573,
        "MarkMonitor Inc.": 10.0,
        "NAMESHIELD SAS": 2.857142857142857,
        "NetArt Registrar Sp. z o.o.": 5.714285714285714,
        "Network Solutions, LLC": 1.4285714285714286,
        "Nom-iq Ltd. dba COM LAUDE": 1.4285714285714286,
        "OVH sas": 4.285714285714286,
        "PDR Ltd. d/b/a PublicDomainRegistry.com": 2.857142857142857,
        "Ports Group AB": 1.4285714285714286,
        "Register.com, Inc.": 1.4285714285714286,
        "SafeBrands SAS": 1.4285714285714286,
        "SafeNames Ltd.": 2.857142857142857,
        "Tucows Domains Inc.": 4.285714285714286,
        "Xin Net Technology Corporation": 1.4285714285714286,
        "eNom, LLC": 4.285714285714286,
        "total": 100.00000000000004
    }
}